INSERT INTO BENHNHAN (MABN, HOTEN, NGAYSINH, DIACHI, SODT) VALUES ('1', '', '', '', '');
INSERT INTO BENHNHAN (MABN, HOTEN, NGAYSINH, DIACHI, SODT) VALUES ('2', '', '', '', '3242452');
INSERT INTO BENHNHAN (MABN, HOTEN, NGAYSINH, DIACHI, SODT) VALUES ('3', '', '', '', '12131');
INSERT INTO BENHNHAN (MABN, HOTEN, NGAYSINH, DIACHI, SODT) VALUES ('4', '', '', '', '131331');
INSERT INTO BENHNHAN (MABN, HOTEN, NGAYSINH, DIACHI, SODT) VALUES ('5', '', '', '', '1213121');



INSERT INTO DONVI (MADV, TENDV) VALUES ('1', N'quan ly')
INSERT INTO DONVI (MADV, TENDV) VALUES ('2', N'tiep tan')
INSERT INTO DONVI (MADV, TENDV) VALUES ('3', N'tai vu')
INSERT INTO DONVI (MADV, TENDV) VALUES ('4', N'ban thuoc')
INSERT INTO DONVI (MADV, TENDV) VALUES ('5', N'bac si')
INSERT INTO NHANVIEN (MANV, HOTEN, GIOITINH, NGAYSINH, DIACHI, LUONG, VAITRO, DONVI) VALUES ('NV001', N'thang', N'nam', TO_DATE('2021-06-06 15:27:39', 'YYYY-MM-DD HH24:MI:SS'), N'123 song ve', '55000', N'NhanVien_QL_TN_NS', '1');
INSERT INTO NHANVIEN (MANV, HOTEN, GIOITINH, NGAYSINH, DIACHI, LUONG, VAITRO, DONVI) VALUES ('NV002', N'an', N'nu', TO_DATE('2021-06-12 15:28:36', 'YYYY-MM-DD HH24:MI:SS'), N'tra vinh', '60000', N'NV_TiepTan_DieuPhoi', '2');
INSERT INTO NHANVIEN (MANV, HOTEN, GIOITINH, NGAYSINH, DIACHI, LUONG, VAITRO, DONVI) VALUES ('NV003', N'cuong', N'nam', TO_DATE('2021-06-15 15:28:40', 'YYYY-MM-DD HH24:MI:SS'), N'dak lak', '50000', N'NhanVien_QL_TV', '3');
INSERT INTO NHANVIEN (MANV, HOTEN, GIOITINH, NGAYSINH, DIACHI, LUONG, VAITRO, DONVI) VALUES ('NV004', N'you', N'nu', TO_DATE('2021-06-04 15:28:48', 'YYYY-MM-DD HH24:MI:SS'), N'dong nai', '30000', N'NV_BanThuoc', '4');
INSERT INTO NHANVIEN (MANV, HOTEN, GIOITINH, NGAYSINH, DIACHI, LUONG, VAITRO, DONVI) VALUES ('NV005', N'me', N'nam', TO_DATE('2021-06-02 15:28:45', 'YYYY-MM-DD HH24:MI:SS'), N'long an', '40000', N'BacSi', '5');
INSERT INTO NHANVIEN (MANV, HOTEN, GIOITINH, NGAYSINH, DIACHI, LUONG, VAITRO, DONVI) VALUES ('NV006', N'Tung', N'nu', TO_DATE('2021-06-12 00:00:00', 'YYYY-MM-DD HH24:MI:SS'), N'tp hcm', '22000', N'BacSi', '5');
INSERT INTO THANGNAM (ID_THANGNAM, THANG, NAM) VALUES ('1', '1', '2020');
INSERT INTO THANGNAM (ID_THANGNAM, THANG, NAM) VALUES ('2', '2', '2020');
INSERT INTO THANGNAM (ID_THANGNAM, THANG, NAM) VALUES ('3', '3', '2020');
INSERT INTO THANGNAM (ID_THANGNAM, THANG, NAM) VALUES ('4', '4', '2020');
INSERT INTO THANGNAM (ID_THANGNAM, THANG, NAM) VALUES ('5', '5', '2020');

INSERT INTO THUOC (MATHUOC, TENTHUOC, DVT, DONGIA, LUUY) VALUES ('1', N'paracetamol', 'vi', '4500', N'1 vi 12 vien');
INSERT INTO THUOC (MATHUOC, TENTHUOC, DVT, DONGIA, LUUY) VALUES ('2', N'negira', 'vi', '1200', N'1 vi 12 vien');
INSERT INTO THUOC (MATHUOC, TENTHUOC, DVT, DONGIA, LUUY) VALUES ('3', N'cam cum', 'vi', '2200', N'1 vi 12 vien');
INSERT INTO THUOC (MATHUOC, TENTHUOC, DVT, DONGIA, LUUY) VALUES ('4', N'sot', 'vi', '1100', N'1 vi 12 vien');
INSERT INTO THUOC (MATHUOC, TENTHUOC, DVT, DONGIA, LUUY) VALUES ('5', N'dau dau', 'vi', '2300', N'1 vi 12 vien');

INSERT INTO CHAMCONG (MANV, SONGAYCONG, ID_THANGNAM) VALUES ('NV001', '12', '1');
INSERT INTO CHAMCONG (MANV, SONGAYCONG, ID_THANGNAM) VALUES ('NV002', '22', '2');
INSERT INTO CHAMCONG (MANV, SONGAYCONG, ID_THANGNAM) VALUES ('NV003', '32', '3');
INSERT INTO CHAMCONG (MANV, SONGAYCONG, ID_THANGNAM) VALUES ('NV004', '11', '4');
INSERT INTO CHAMCONG (MANV, SONGAYCONG, ID_THANGNAM) VALUES ('NV005', '21', '5');


INSERT INTO DICHVU (MADV, TENDV, DONGIA) VALUES ('1', N'MRI', '45000');
INSERT INTO DICHVU (MADV, TENDV, DONGIA) VALUES ('2', N'X-quang', '55000');
INSERT INTO DICHVU (MADV, TENDV, DONGIA) VALUES ('3', N'sieu am', '54000');
INSERT INTO DICHVU (MADV, TENDV, DONGIA) VALUES ('4', N'dien tam do', '45000');
INSERT INTO DICHVU (MADV, TENDV, DONGIA) VALUES ('5', N'quet song nao', '65000');

INSERT INTO HOSOBENHNHAN (MAKB, NGAYKB, MABS, MABN, TINHTRANGBANDAU, KETLUANCUABS) VALUES ('1', TO_DATE('2021-06-06 15:43:01', 'YYYY-MM-DD HH24:MI:SS'), 'NV005', '1', N'khoe manh', N'vui ve yeu doi');
INSERT INTO HOSOBENHNHAN (MAKB, NGAYKB, MABS, MABN, TINHTRANGBANDAU, KETLUANCUABS) VALUES ('2', TO_DATE('2021-06-06 15:44:25', 'YYYY-MM-DD HH24:MI:SS'), 'NV005', '2', N'dau om', N'sot ');
INSERT INTO HOSOBENHNHAN (MAKB, NGAYKB, MABS, MABN, TINHTRANGBANDAU, KETLUANCUABS) VALUES ('3', TO_DATE('2021-06-06 00:00:00', 'YYYY-MM-DD HH24:MI:SS'), 'NV005', '3', N'met moi', N'HIV');
INSERT INTO HOSOBENHNHAN (MAKB, NGAYKB, MABS, MABN, TINHTRANGBANDAU, KETLUANCUABS) VALUES ('4', TO_DATE('2021-06-06 00:00:00', 'YYYY-MM-DD HH24:MI:SS'), 'NV005', '4', N'dau lung', N'gian day chen');
INSERT INTO HOSOBENHNHAN (MAKB, NGAYKB, MABS, MABN, TINHTRANGBANDAU, KETLUANCUABS) VALUES ('5', TO_DATE('2021-06-06 00:00:00', 'YYYY-MM-DD HH24:MI:SS'), 'NV005', '5', N'dau dau', N'ung thu');
INSERT INTO HOSOBENHNHAN (MAKB, NGAYKB, MABS, MABN, TINHTRANGBANDAU, KETLUANCUABS) VALUES ('6', TO_DATE('2021-06-06 00:00:00', 'YYYY-MM-DD HH24:MI:SS'), 'NV006', '1', N'khoemanh', N'trang thai binh thuong');

INSERT INTO DONTHUOC (MAKB, NVPT) VALUES ('1', 'NV004');
INSERT INTO DONTHUOC (MAKB, NVPT) VALUES ('2', 'NV004');
INSERT INTO DONTHUOC (MAKB, NVPT) VALUES ('3', 'NV004');
INSERT INTO DONTHUOC (MAKB, NVPT) VALUES ('4', 'NV004');
INSERT INTO DONTHUOC (MAKB, NVPT) VALUES ('5', 'NV004');


INSERT INTO CHITIETDONTHUOC (MAKB, MATHUOC, SL, LIEUDUNG, MOTA) VALUES ('1', '1', '1', '12', N'uong sang trua');
INSERT INTO CHITIETDONTHUOC (MAKB, MATHUOC, SL, LIEUDUNG, MOTA) VALUES ('2', '2', '1', '12', N'uong chieu toi');
INSERT INTO CHITIETDONTHUOC (MAKB, MATHUOC, SL, LIEUDUNG, MOTA) VALUES ('3', '3', '1', '2', N'uong sang');
INSERT INTO CHITIETDONTHUOC (MAKB, MATHUOC, SL, LIEUDUNG, MOTA) VALUES ('4', '4', '1', '1', N'uong toi');
INSERT INTO CHITIETDONTHUOC (MAKB, MATHUOC, SL, LIEUDUNG, MOTA) VALUES ('5', '5', '1', '2', N'uong truoc khi an');

INSERT INTO HOADON (SOHD, MAKB, NGAYHD, NGUOIPT) VALUES ('1', '1', TO_DATE('2021-06-06 17:12:31', 'YYYY-MM-DD HH24:MI:SS'), 'NV004');
INSERT INTO HOADON (SOHD, MAKB, NGAYHD, NGUOIPT) VALUES ('2', '2', TO_DATE('2021-06-06 00:00:00', 'YYYY-MM-DD HH24:MI:SS'), 'NV004');
INSERT INTO HOADON (SOHD, MAKB, NGAYHD, NGUOIPT) VALUES ('3', '3', TO_DATE('2021-06-06 00:00:00', 'YYYY-MM-DD HH24:MI:SS'), 'NV004');
INSERT INTO HOADON (SOHD, MAKB, NGAYHD, NGUOIPT) VALUES ('4', '4', TO_DATE('2021-06-06 00:00:00', 'YYYY-MM-DD HH24:MI:SS'), 'NV004');
INSERT INTO HOADON (SOHD, MAKB, NGAYHD, NGUOIPT) VALUES ('5', '5', TO_DATE('2021-06-06 00:00:00', 'YYYY-MM-DD HH24:MI:SS'), 'NV004');

INSERT INTO CTHDON (SOHD, MADV) VALUES ('1', '1');
INSERT INTO CTHDON (SOHD, MADV) VALUES ('1', '2');
INSERT INTO CTHDON (SOHD, MADV) VALUES ('2', '2');
INSERT INTO CTHDON (SOHD, MADV) VALUES ('2', '3');
INSERT INTO CTHDON (SOHD, MADV) VALUES ('3', '3');
INSERT INTO CTHDON (SOHD, MADV) VALUES ('3', '4');
INSERT INTO CTHDON (SOHD, MADV) VALUES ('4', '4');
INSERT INTO CTHDON (SOHD, MADV) VALUES ('4', '5');
INSERT INTO CTHDON (SOHD, MADV) VALUES ('5', '5');
INSERT INTO CTHDON (SOHD, MADV) VALUES ('5', '1');

INSERT INTO HOSODICHVU (MAKB, MADV, NGAYGIO, NGUOITHUCHIEN, KETLUAN, GIATIEN) VALUES ('1', '1', TO_DATE('2021-06-09 01:24:33', 'YYYY-MM-DD HH24:MI:SS'), 'NV005', N'khoe manh', '22000');
INSERT INTO HOSODICHVU (MAKB, MADV, NGAYGIO, NGUOITHUCHIEN, KETLUAN, GIATIEN) VALUES ('2', '2', TO_DATE('2021-06-08 01:24:36', 'YYYY-MM-DD HH24:MI:SS'), 'NV005', N'khoe manh', '21000');
INSERT INTO HOSODICHVU (MAKB, MADV, NGAYGIO, NGUOITHUCHIEN, KETLUAN, GIATIEN) VALUES ('3', '3', TO_DATE('2021-06-08 00:00:00', 'YYYY-MM-DD HH24:MI:SS'), 'NV005', N'khoe manh', '2000');
INSERT INTO HOSODICHVU (MAKB, MADV, NGAYGIO, NGUOITHUCHIEN, KETLUAN, GIATIEN) VALUES ('4', '4', TO_DATE('2021-06-08 00:00:00', 'YYYY-MM-DD HH24:MI:SS'), 'NV006', N'khoe manh', '21000');
INSERT INTO HOSODICHVU (MAKB, MADV, NGAYGIO, NGUOITHUCHIEN, KETLUAN, GIATIEN) VALUES ('5', '5', TO_DATE('2021-06-08 00:00:00', 'YYYY-MM-DD HH24:MI:SS'), 'NV006', N'khoe manh', '20000');
INSERT INTO NHANVIEN (MANV, HOTEN, GIOITINH, NGAYSINH, DIACHI, LUONG, VAITRO, DONVI) VALUES ('NV011', N'thang', N'nam', TO_DATE('2021-06-06 15:27:39', 'YYYY-MM-DD HH24:MI:SS'), N'123 song ve', '55000', N'NhanVien_QL_TN_NS', '1');
INSERT INTO NHANVIEN (MANV, HOTEN, GIOITINH, NGAYSINH, DIACHI, LUONG, VAITRO, DONVI) VALUES ('NV012', N'an', N'nu', TO_DATE('2021-06-12 15:28:36', 'YYYY-MM-DD HH24:MI:SS'), N'tra vinh', '60000', N'NV_TiepTan_DieuPhoi', '2');
INSERT INTO NHANVIEN (MANV, HOTEN, GIOITINH, NGAYSINH, DIACHI, LUONG, VAITRO, DONVI) VALUES ('NV013', N'cuong', N'nam', TO_DATE('2021-06-15 15:28:40', 'YYYY-MM-DD HH24:MI:SS'), N'dak lak', '50000', N'NhanVien_QL_TV', '3');
INSERT INTO NHANVIEN (MANV, HOTEN, GIOITINH, NGAYSINH, DIACHI, LUONG, VAITRO, DONVI) VALUES ('NV014', N'you', N'nu', TO_DATE('2021-06-04 15:28:48', 'YYYY-MM-DD HH24:MI:SS'), N'dong nai', '30000', N'NV_BanThuoc', '4');
INSERT INTO NHANVIEN (MANV, HOTEN, GIOITINH, NGAYSINH, DIACHI, LUONG, VAITRO, DONVI) VALUES ('NV015', N'me', N'nam', TO_DATE('2021-06-02 15:28:45', 'YYYY-MM-DD HH24:MI:SS'), N'long an', '40000', N'BacSi', '5');
INSERT INTO NHANVIEN (MANV, HOTEN, GIOITINH, NGAYSINH, DIACHI, LUONG, VAITRO, DONVI) VALUES ('NV016', N'Tung', N'nu', TO_DATE('2021-06-12 00:00:00', 'YYYY-MM-DD HH24:MI:SS'), N'tp hcm', '22000', N'BacSi', '5');
INSERT INTO NHANVIEN (MANV, HOTEN, GIOITINH, NGAYSINH, DIACHI, LUONG, VAITRO, DONVI) VALUES ('NV000', N'Tung', N'nu', TO_DATE('2021-06-12 00:00:00', 'YYYY-MM-DD HH24:MI:SS'), N'tp hcm', '22000', N'GiamDoc', '5');

